Workbook

Sheet Read me
A1: Concept Note Annex – Calculator and Data Tables
A2: Research Masterclass for Clinicians • Newlands Clinic • NCD–HIV cohort teaching dataset (simulated)
A4: How to use this workbook
A5: 1. Go to the "2x2 calculator" sheet. Type your name, then choose any one table from the dropdown list. It does not need to match your research question.
A6: 2. Look up your table on the "Data tables" sheet. Type its values a, b, c and d into the yellow cells of the 2×2 table.
A7: a = exposed with the outcome • b = exposed without the outcome • c = unexposed with the outcome • d = unexposed without the outcome
A8: 3. The calculator works out every result; the formula used is shown beside each result.
A9: 4. Optional, cohort (C) tables only: on the "Rate calculator" sheet, choose the same table and type the new cases and person-years.
A10: 5. Open the "My results" sheet. In the yellow box below the summary lines, write 1–2 sentences interpreting your ratio and its 95% CI in your own words.
A11: Then copy the whole sheet into your annex template (select the cells, copy, and paste into Word).
A12: 6. Save this workbook as Surname_Firstname_Calculator.xlsx and attach it to your submission email with your PDF.
A14: Worked example (table X1)
... A23: Cohort tables (C) include only people who completed follow-up and did not have the outcome at baseline (except C8).

Sheet Data tables
A1: Data tables – ready-made 2×2 counts
A2: Source: NCD_HIV_cohort_dataset.csv, unweighted counts. a = exposed with outcome, b = exposed without, c = unexposed with outcome, d = unexposed without.
A4: Choose any one table. X = cross-sectional (baseline); C = cohort (baseline to follow-up).
A5: ID | B5: Design | C5: Population | D5: Exposure | E5: Exposed group | F5: Unexposed group | G5: Outcome | H5: a | I5: b | J5: c | K5: d | L5: Total exposed (a+b) | M5: Total unexposed (c+d) | N5: N | O5: Person-years exposed | P5: Person-years unexposed | Q5: Table (as in dropdown)
A6: X1 | B6: Cross-sectional | C6: All participants | D6: HIV status | E6: HIV-positive | F6: HIV-negative | G6: Probable depression (PHQ-9 ≥10) | H6: 86 | I6: 207 | J6: 292 | K6: 1915 | L6: =H6+I6 -> 293 | M6: =J6+K6 -> 2207 | N6: =L6+M6 -> 2500 | O6: — | P6: — | Q6: X1 – HIV status → Probable depression (PHQ-9 ≥10)
A7: X2 | B7: Cross-sectional | C7: All participants | D7: HIV status | E7: HIV-positive | F7: HIV-negative | G7: Hypertension | H7: 72 | I7: 221 | J7: 480 | K7: 1727 | L7: =H7+I7 -> 293 | M7: =J7+K7 -> 2207 | N7: =L7+M7 -> 2500 | O7: — | P7: — | Q7: X2 – HIV status → Hypertension
A8: X3 | B8: Cross-sectional | C8: All participants | D8: Obesity (BMI ≥30) | E8: BMI ≥30 | F8: BMI <30 | G8: Hypertension | H8: 169 | I8: 194 | J8: 383 | K8: 1754 | L8: =H8+I8 -> 363 | M8: =J8+K8 -> 2137 | N8: =L8+M8 -> 2500 | O8: — | P8: — | Q8: X3 – Obesity (BMI ≥30) → Hypertension
A9: X4 | B9: Cross-sectional | C9: All participants | D9: Residence | E9: Urban | F9: Rural | G9: Obesity (BMI ≥30) | H9: 236 | I9: 678 | J9: 127 | K9: 1459 | L9: =H9+I9 -> 914 | M9: =J9+K9 -> 1586 | N9: =L9+M9 -> 2500 | O9: — | P9: — | Q9: X4 – Residence → Obesity (BMI ≥30)
A10: X5 | B10: Cross-sectional | C10: All participants | D10: Sex | E10: Female | F10: Male | G10: Obesity (BMI ≥30) | H10: 287 | I10: 1012 | J10: 76 | K10: 1125 | L10: =H10+I10 -> 1299 | M10: =J10+K10 -> 1201 | N10: =L10+M10 -> 2500 | O10: — | P10: — | Q10: X5 – Sex → Obesity (BMI ≥30)
A11: X6 | B11: Cross-sectional | C11: All participants | D11: Hazardous alcohol use (AUDIT-C) | E11: Hazardous | F11: Not hazardous | G11: Hypertension | H11: 92 | I11: 282 | J11: 460 | K11: 1666 | L11: =H11+I11 -> 374 | M11: =J11+K11 -> 2126 | N11: =L11+M11 -> 2500 | O11: — | P11: — | Q11: X6 – Hazardous alcohol use (AUDIT-C) → Hypertension
A12: X7 | B12: Cross-sectional | C12: All participants | D12: Food insecurity | E12: Food insecure | F12: Food secure | G12: Probable depression (PHQ-9 ≥10) | H12: 158 | I12: 588 | J12: 220 | K12: 1534 | L12: =H12+I12 -> 746 | M12: =J12+K12 -> 1754 | N12: =L12+M12 -> 2500 | O12: — | P12: — | Q12: X7 – Food insecurity → Probable depression (PHQ-9 ≥10)
A13: X8 | B13: Cross-sectional | C13: All participants | D13: Age | E13: 40 years or older | F13: Under 40 years | G13: Diabetes | H13: 134 | I13: 555 | J13: 74 | K13: 1594 | L13: =H13+I13 -> 689 | M13: =J13+K13 -> 1668 | N13: =L13+M13 -> 2357 | O13: — | P13: — | Q13: X8 – Age → Diabetes
A14: X9 | B14: Cross-sectional | C14: All participants | D14: Physical activity | E14: Inactive (<600 MET-min/week) | F14: Active (≥600) | G14: Obesity (BMI ≥30) | H14: 116 | I14: 280 | J14: 240 | K14: 1822 | L14: =H14+I14 -> 396 | M14: =J14+K14 -> 2062 | N14: =L14+M14 -> 2458 | O14: — | P14: — | Q14: X9 – Physical activity → Obesity (BMI ≥30)
A15: X10 | B15: Cross-sectional | C15: People with hypertension | D15: Residence | E15: Urban | F15: Rural | G15: Aware of hypertension (hypertension_diagnosed) | H15: 101 | I15: 132 | J15: 137 | K15: 182 | L15: =H15+I15 -> 233 | M15: =J15+K15 -> 319 | N15: =L15+M15 -> 552 | O15: — | P15: — | Q15: X10 – Residence → Aware of hypertension (hypertension_diagnosed)
A16: X11 | B16: Cross-sectional | C16: HIV-positive, on ART, with viral load | D16: Years on ART | E16: 5 years or more | F16: Under 5 years | G16: Viral load suppressed (<1000) | H16: 132 | I16: 15 | J16: 73 | K16: 6 | L16: =H16+I16 -> 147 | M16: =J16+K16 -> 79 | N16: =L16+M16 -> 226 | O16: — | P16: — | Q16: X11 – Years on ART → Viral load suppressed (<1000)
A17: C1 | B17: Cohort | C17: Completed follow-up, no hypertension at baseline | D17: Obesity (BMI ≥30) | E17: BMI ≥30 | F17: BMI <30 | G17: Incident hypertension | H17: 33 | I17: 146 | J17: 107 | K17: 1486 | L17: =H17+I17 -> 179 | M17: =J17+K17 -> 1593 | N17: =L17+M17 -> 1772 | O17: 158.5 | P17: 1419.7 | Q17: C1 – Obesity (BMI ≥30) → Incident hypertension
A18: C2 | B18: Cohort | C18: Completed follow-up, no hypertension at baseline | D18: HIV status | E18: HIV-positive | F18: HIV-negative | G18: Incident hypertension | H18: 26 | I18: 178 | J18: 114 | K18: 1454 | L18: =H18+I18 -> 204 | M18: =J18+K18 -> 1568 | N18: =L18+M18 -> 1772 | O18: 183.8 | P18: 1394.5 | Q18: C2 – HIV status → Incident hypertension
A19: C3 | B19: Cohort | C19: Completed follow-up, PHQ-9 <10 at baseline | D19: HIV status | E19: HIV-positive | F19: HIV-negative | G19: Incident probable depression (PHQ-9 ≥10) | H19: 36 | I19: 157 | J19: 96 | K19: 1641 | L19: =H19+I19 -> 193 | M19: =J19+K19 -> 1737 | N19: =L19+M19 -> 1930 | O19: 171.7 | P19: 1546 | Q19: C3 – HIV status → Incident probable depression (PHQ-9 ≥10)
A20: C4 | B20: Cohort | C20: Completed follow-up, no hypertension at baseline | D20: Hazardous alcohol use (AUDIT-C) | E20: Hazardous | F20: Not hazardous | G20: Incident hypertension | H20: 24 | I20: 229 | J20: 116 | K20: 1403 | L20: =H20+I20 -> 253 | M20: =J20+K20 -> 1519 | N20: =L20+M20 -> 1772 | O20: 225.6 | P20: 1352.6 | Q20: C4 – Hazardous alcohol use (AUDIT-C) → Incident hypertension
A21: C5 | B21: Cohort | C21: Completed follow-up, PHQ-9 <10 at baseline | D21: Food insecurity | E21: Food insecure | F21: Food secure | G21: Incident probable depression (PHQ-9 ≥10) | H21: 69 | I21: 463 | J21: 63 | K21: 1335 | L21: =H21+I21 -> 532 | M21: =J21+K21 -> 1398 | N21: =L21+M21 -> 1930 | O21: 471.1 | P21: 1246.6 | Q21: C5 – Food insecurity → Incident probable depression (PHQ-9 ≥10)
A22: C6 | B22: Cohort | C22: Completed follow-up, no diabetes at baseline | D22: Overweight or obese (BMI ≥25) | E22: BMI ≥25 | F22: BMI <25 | G22: Incident diabetes | H22: 51 | I22: 763 | J22: 11 | K22: 1048 | L22: =H22+I22 -> 814 | M22: =J22+K22 -> 1059 | N22: =L22+M22 -> 1873 | O22: 725.1 | P22: 946.2 | Q22: C6 – Overweight or obese (BMI ≥25) → Incident diabetes
A23: C7 | B23: Cohort | C23: Completed follow-up, no hypertension at baseline | D23: Salt added at table | E23: Often or always | F23: Never to sometimes | G23: Incident hypertension | H23: 36 | I23: 336 | J23: 104 | K23: 1296 | L23: =H23+I23 -> 372 | M23: =J23+K23 -> 1400 | N23: =L23+M23 -> 1772 | O23: 333.8 | P23: 1244.5 | Q23: C7 – Salt added at table → Incident hypertension
A24: C8 | B24: Cohort | C24: All participants | D24: Residence | E24: Urban | F24: Rural | G24: Lost to follow-up | H24: 84 | I24: 830 | J24: 134 | K24: 1452 | L24: =H24+I24 -> 914 | M24: =J24+K24 -> 1586 | N24: =L24+M24 -> 2500 | O24: — | P24: — | Q24: C8 – Residence → Lost to follow-up

Sheet 2x2 calculator
A1: 2×2 calculator
A2: Fill in the yellow cells. Everything else is calculated automatically, with the formula shown beside each result.
A4: Your name
A5: Choose a table (dropdown) | H5: =IFERROR(MATCH(B5,'Data tables'!$Q$6:$Q$24,0),"")
A6: Design | B6: =IFERROR(INDEX('Data tables'!$B$6:$B$24,$H$5),"")
A7: Population | B7: =IFERROR(INDEX('Data tables'!$C$6:$C$24,$H$5),"")
A8: Exposure | B8: =IFERROR(INDEX('Data tables'!$D$6:$D$24,$H$5),"")
A9: Outcome | B9: =IFERROR(INDEX('Data tables'!$G$6:$G$24,$H$5),"")
A11: Values from your table | B11: Outcome: yes | C11: Outcome: no | D11: Total
A12: ="Exposed: "&IFERROR(INDEX('Data tables'!$E$6:$E$24,$H$5),"") -> Exposed: | D12: =IF(COUNT(B12:C12)=2,B12+C12,"") | E12: ← a (exposed, outcome yes) and b (exposed, outcome no)
A13: ="Unexposed: "&IFERROR(INDEX('Data tables'!$F$6:$F$24,$H$5),"") -> Unexposed: | D13: =IF(COUNT(B13:C13)=2,B13+C13,"") | E13: ← c (unexposed, outcome yes) and d (unexposed, outcome no)
A14: Total | B14: =IF(COUNT(B12:B13)=2,B12+B13,"") | C14: =IF(COUNT(C12:C13)=2,C12+C13,"") | D14: =IF(COUNT(D12:D13)=2,D12+D13,"")
A16: Results
A17: Measure | B17: Result | C17: Formula used
A18: =IF(LEFT($B$6,6)="Cohort","Risk","Prevalence")&" in exposed (p1)" -> Prevalence in exposed (p1) | B18: =IFERROR(B12/D12,"") | C18: a / (a+b)
A19: =IF(LEFT($B$6,6)="Cohort","Risk","Prevalence")&" in unexposed (p0)" -> Prevalence in unexposed (p0) | B19: =IFERROR(B13/D13,"") | C19: c / (c+d)
A20: Difference (p1 − p0) | B20: =IFERROR(B18-B19,"") | C20: p1 − p0
A21: =IF(LEFT($B$6,6)="Cohort","Risk ratio","Prevalence ratio") -> Prevalence ratio | B21: =IFERROR(B18/B19,"") | C21: p1 / p0
A22: SE of ln(ratio) | B22: =IFERROR(SQRT(1/B12-1/D12+1/B13-1/D13),"") | C22: √(1/a − 1/(a+b) + 1/c − 1/(c+d))
A23: Ratio: 95% CI lower | B23: =IFERROR(EXP(LN(B21)-1.96*B22),"") | C23: exp(ln(ratio) − 1.96 × SE)
A24: Ratio: 95% CI upper | B24: =IFERROR(EXP(LN(B21)+1.96*B22),"") | C24: exp(ln(ratio) + 1.96 × SE)
A25: Odds ratio | B25: =IFERROR((B12*C13)/(C12*B13),"") | C25: (a × d) / (b × c)
A26: SE of ln(OR) | B26: =IFERROR(SQRT(1/B12+1/C12+1/B13+1/C13),"") | C26: √(1/a + 1/b + 1/c + 1/d)
A27: Odds ratio: 95% CI lower | B27: =IFERROR(EXP(LN(B25)-1.96*B26),"") | C27: exp(ln(OR) − 1.96 × SE)
A28: Odds ratio: 95% CI upper | B28: =IFERROR(EXP(LN(B25)+1.96*B26),"") | C28: exp(ln(OR) + 1.96 × SE)
A29: Does the ratio's 95% CI include 1? | B29: =IF(B23="","",IF(AND(B23<=1,B24>=1),"Yes: no clear evidence of a difference","No: evidence of a difference")) | C29: a ratio of 1 means no difference
A31: Summary lines
A32: Occurrence | B32: =IF(B18="","",IF(LEFT($B$6,6)="Cohort","Risk","Prevalence")&": exposed "&TEXT(B18,"0.0%")&" ("&B12&"/"&D12&"); unexposed "&TEXT(B19,"0.0%")&" ("&B13&"/"&D13&")")
A33: Difference | B33: =IF(B20="","","Difference: "&TEXT(B20*100,"0.0")&" percentage points")
A34: Ratio | B34: =IF(B21="","",IF(LEFT($B$6,6)="Cohort","Risk ratio ","Prevalence ratio ")&TEXT(B21,"0.00")&" (95% CI "&TEXT(B23,"0.00")&" to "&TEXT(B24,"0.00")&")")
A35: Odds ratio | B35: =IF(B25="","","Odds ratio "&TEXT(B25,"0.00")&" (95% CI "&TEXT(B27,"0.00")&" to "&TEXT(B28,"0.00")&")")
A37: Next step
A38: Go to the "My results" sheet and write your own interpretation in the yellow box below the summary lines.

Sheet Rate calculator
A1: Rate calculator (optional, cohort tables only)
A2: Choose the same C table as on the 2×2 calculator, then type the new cases and person-years from the Data tables sheet.
A5: Choose a cohort table (dropdown) | H5: =IFERROR(MATCH(B5,'Data tables'!$Q$6:$Q$24,0),"")
A6: Exposure | B6: =IFERROR(INDEX('Data tables'!$D$6:$D$24,$H$5),"")
A7: Outcome | B7: =IFERROR(INDEX('Data tables'!$G$6:$G$24,$H$5),"")
A9: Values from your table | B9: New cases | C9: Person-years
A10: ="Exposed: "&IFERROR(INDEX('Data tables'!$E$6:$E$24,$H$5),"") -> Exposed: | D10: ← new cases = a; person-years exposed
A11: ="Unexposed: "&IFERROR(INDEX('Data tables'!$F$6:$F$24,$H$5),"") -> Unexposed: | D11: ← new cases = c; person-years unexposed
A13: Results
A14: Measure | B14: Result | C14: Formula used
A15: Incidence rate, exposed (per 1,000 person-years) | B15: =IFERROR(B10/C10*1000,"") | C15: cases / person-years × 1,000
A16: Incidence rate, unexposed (per 1,000 person-years) | B16: =IFERROR(B11/C11*1000,"") | C16: cases / person-years × 1,000
A17: Rate ratio | B17: =IFERROR(B15/B16,"") | C17: rate exposed / rate unexposed
A18: SE of ln(rate ratio) | B18: =IFERROR(SQRT(1/B10+1/B11),"") | C18: √(1/cases exposed + 1/cases unexposed)
A19: Rate ratio: 95% CI lower | B19: =IFERROR(EXP(LN(B17)-1.96*B18),"") | C19: exp(ln(rate ratio) − 1.96 × SE)
A20: Rate ratio: 95% CI upper | B20: =IFERROR(EXP(LN(B17)+1.96*B18),"") | C20: exp(ln(rate ratio) + 1.96 × SE)
A22: Summary line | B22: =IF(B17="","","Rates "&TEXT(B15,"0.0")&" vs "&TEXT(B16,"0.0")&" per 1,000 person-years; rate ratio "&TEXT(B17,"0.00")&" (95% CI "&TEXT(B19,"0.00")&" to "&TEXT(B20,"0.00")&")")

Sheet My results
A1: My annex results
A2: Filled in automatically, except your interpretation (yellow box). Copy this sheet into your annex template, and submit this workbook with your PDF.
A4: Name | B4: =IF('2x2 calculator'!B4="","",'2x2 calculator'!B4)
A5: Table chosen | B5: =IF('2x2 calculator'!B5="","",'2x2 calculator'!B5)
A6: Design | B6: =IF('2x2 calculator'!B6="","",'2x2 calculator'!B6)
A7: Population | B7: =IF('2x2 calculator'!B7="","",'2x2 calculator'!B7)
A9: Values entered | B9: Outcome: yes | C9: Outcome: no | D9: Total
A10: ='2x2 calculator'!A12 -> Exposed: | B10: =IF('2x2 calculator'!B12="","",'2x2 calculator'!B12) | C10: =IF('2x2 calculator'!C12="","",'2x2 calculator'!C12) | D10: =IF('2x2 calculator'!D12="","",'2x2 calculator'!D12)
A11: ='2x2 calculator'!A13 -> Unexposed: | B11: =IF('2x2 calculator'!B13="","",'2x2 calculator'!B13) | C11: =IF('2x2 calculator'!C13="","",'2x2 calculator'!C13) | D11: =IF('2x2 calculator'!D13="","",'2x2 calculator'!D13)
A12: ='2x2 calculator'!A14 -> Total | B12: =IF('2x2 calculator'!B14="","",'2x2 calculator'!B14) | C12: =IF('2x2 calculator'!C14="","",'2x2 calculator'!C14) | D12: =IF('2x2 calculator'!D14="","",'2x2 calculator'!D14)
A14: Measure | B14: Result
A15: ='2x2 calculator'!A18 -> Prevalence in exposed (p1) | B15: =IF('2x2 calculator'!B18="","",'2x2 calculator'!B18)
A16: ='2x2 calculator'!A19 -> Prevalence in unexposed (p0) | B16: =IF('2x2 calculator'!B19="","",'2x2 calculator'!B19)
A17: Difference (p1 − p0) | B17: =IF('2x2 calculator'!B20="","",'2x2 calculator'!B20)
A18: ='2x2 calculator'!A21 -> Prevalence ratio | B18: =IF('2x2 calculator'!B21="","",'2x2 calculator'!B21)
A19: 95% CI for the ratio | B19: =IF('2x2 calculator'!B23="","",TEXT('2x2 calculator'!B23,"0.00")&" to "&TEXT('2x2 calculator'!B24,"0.00"))
A20: Odds ratio | B20: =IF('2x2 calculator'!B25="","",'2x2 calculator'!B25)
A21: 95% CI for the odds ratio | B21: =IF('2x2 calculator'!B27="","",TEXT('2x2 calculator'!B27,"0.00")&" to "&TEXT('2x2 calculator'!B28,"0.00"))
A22: Does the ratio's 95% CI include 1? | B22: =IF('2x2 calculator'!B29="","",'2x2 calculator'!B29)
A24: Summary lines
A25: ='2x2 calculator'!B32
A26: ='2x2 calculator'!B33
A27: ='2x2 calculator'!B34
A28: ='2x2 calculator'!B35
A30: My interpretation – type 1–2 sentences in your own words in the yellow box
A31: Explain what your ratio and its 95% CI mean, as you would to a patient or colleague. Do not copy the summary lines.
A35: Optional: rate calculator (cohort tables)
A36: =IF('Rate calculator'!B22="","Not used",'Rate calculator'!B5&": "&'Rate calculator'!B22) -> Not used
